[
  {
    "pk": 1, 
    "model": "workflow.application", 
    "fields": {
      "url": "apptools/choice_application", 
      "suffix": "w"
    }
  }, 
  {
    "pk": 2, 
    "model": "workflow.application", 
    "fields": {
      "url": "apptools/view_application", 
      "suffix": "w"
    }
  }, 
  {
    "pk": 3, 
    "model": "workflow.application", 
    "fields": {
      "url": "apptools/sendmail", 
      "suffix": "w"
    }
  }, 
  {
    "pk": 1, 
    "model": "apptools.image", 
    "fields": {
      "category": "base", 
      "file": "images/32px-Crystal_Clear_action_button_cancel_.png"
    }
  }, 
  {
    "pk": 2, 
    "model": "apptools.image", 
    "fields": {
      "category": "large", 
      "file": "images/Crystal_Clear_action_button_cancel_.png"
    }
  }, 
  {
    "pk": 3, 
    "model": "apptools.image", 
    "fields": {
      "category": "base", 
      "file": "images/32px-Crystal_Clear_app_clean__.png"
    }
  }, 
  {
    "pk": 4, 
    "model": "apptools.image", 
    "fields": {
      "category": "large", 
      "file": "images/Crystal_Clear_app_clean_.png"
    }
  }, 
  {
    "pk": 5, 
    "model": "apptools.image", 
    "fields": {
      "category": "base", 
      "file": "images/32px-Crystal_Clear_device_floppy_unmount.png"
    }
  }, 
  {
    "pk": 6, 
    "model": "apptools.image", 
    "fields": {
      "category": "large", 
      "file": "images/Crystal_Clear_device_floppy_unmount.png"
    }
  }, 
  {
    "pk": 7, 
    "model": "apptools.image", 
    "fields": {
      "category": "base", 
      "file": "images/32px-Crystal_Clear_action_edit.png"
    }
  }, 
  {
    "pk": 8, 
    "model": "apptools.image", 
    "fields": {
      "category": "large", 
      "file": "images/Crystal_Clear_action_edit.png"
    }
  }, 
  {
    "pk": 9, 
    "model": "apptools.image", 
    "fields": {
      "category": "base", 
      "file": "images/32px-Crystal_Clear_action_build.png"
    }
  }, 
  {
    "pk": 10, 
    "model": "apptools.image", 
    "fields": {
      "category": "large", 
      "file": "images/Crystal_Clear_action_build.png"
    }
  }, 
  {
    "pk": 11, 
    "model": "apptools.image", 
    "fields": {
      "category": "base", 
      "file": "images/32px-Crystal_Clear_action_stop.png"
    }
  }, 
  {
    "pk": 12, 
    "model": "apptools.image", 
    "fields": {
      "category": "large", 
      "file": "images/Crystal_Clear_action_stop.png"
    }
  }, 
  {
    "pk": 13, 
    "model": "apptools.image", 
    "fields": {
      "category": "base", 
      "file": "images/32px-Crystal_Clear_action_exit.png"
    }
  }, 
  {
    "pk": 14, 
    "model": "apptools.image", 
    "fields": {
      "category": "large", 
      "file": "images/Crystal_Clear_action_exit.png"
    }
  }, 
  {
    "pk": 15, 
    "model": "apptools.image", 
    "fields": {
      "category": "base", 
      "file": "images/32px-Crystal_Clear_action_edit_add.png"
    }
  }, 
  {
    "pk": 16, 
    "model": "apptools.image", 
    "fields": {
      "category": "large", 
      "file": "images/Crystal_Clear_action_edit_add.png"
    }
  }, 
  {
    "pk": 17, 
    "model": "apptools.image", 
    "fields": {
      "category": "base", 
      "file": "images/32px-Crystal_Clear_action_edit_remove.png"
    }
  }, 
  {
    "pk": 18, 
    "model": "apptools.image", 
    "fields": {
      "category": "large", 
      "file": "images/Crystal_Clear_action_edit_remove.png"
    }
  }, 
  {
    "pk": 19, 
    "model": "apptools.image", 
    "fields": {
      "category": "base", 
      "file": "images/32px-Crystal_Clear_action_filenew.png"
    }
  }, 
  {
    "pk": 20, 
    "model": "apptools.image", 
    "fields": {
      "category": "large", 
      "file": "images/Crystal_Clear_action_filenew.png"
    }
  }, 
  {
    "pk": 21, 
    "model": "apptools.image", 
    "fields": {
      "category": "base", 
      "file": "images/32px-Crystal_Clear_app_email.png"
    }
  }, 
  {
    "pk": 22, 
    "model": "apptools.image", 
    "fields": {
      "category": "large", 
      "file": "images/Crystal_Clear_app_email.png"
    }
  }, 
  {
    "pk": 23, 
    "model": "apptools.image", 
    "fields": {
      "category": "base", 
      "file": "images/32px-Crystal_Clear_action_reload.png"
    }
  }, 
  {
    "pk": 24, 
    "model": "apptools.image", 
    "fields": {
      "category": "large", 
      "file": "images/Crystal_Clear_action_reload.png"
    }
  }, 
  {
    "pk": 25, 
    "model": "apptools.image", 
    "fields": {
      "category": "base", 
      "file": "images/32px-Crystal_Clear_app_error.png"
    }
  }, 
  {
    "pk": 26, 
    "model": "apptools.image", 
    "fields": {
      "category": "large", 
      "file": "images/Crystal_Clear_app_error.png"
    }
  }, 
  {
    "pk": 27, 
    "model": "apptools.image", 
    "fields": {
      "category": "base", 
      "file": "images/32px-Crystal_Clear_action_info.png"
    }
  }, 
  {
    "pk": 28, 
    "model": "apptools.image", 
    "fields": {
      "category": "base", 
      "file": "images/32px-Crystal_Clear_app_xmag.png"
    }
  }, 
  {
    "pk": 29, 
    "model": "apptools.image", 
    "fields": {
      "category": "large", 
      "file": "images/Crystal_Clear_action_info.png"
    }
  }, 
  {
    "pk": 30, 
    "model": "apptools.image", 
    "fields": {
      "category": "large", 
      "file": "images/Crystal_Clear_app_xmag.png"
    }
  }, 
  {
    "pk": 1, 
    "model": "apptools.icon", 
    "fields": {
      "category": "local", 
      "url": "http://localhost:8000/static/images/32px-Crystal_Clear_action_button_cancel.png"
    }
  }, 
  {
    "pk": 2, 
    "model": "apptools.icon", 
    "fields": {
      "category": "local-base", 
      "url": "/static/images/32px-Crystal_Clear_action_button_cancel_.png"
    }
  }, 
  {
    "pk": 3, 
    "model": "apptools.icon", 
    "fields": {
      "category": "local-large", 
      "url": "/static/images/Crystal_Clear_action_button_cancel_.png"
    }
  }, 
  {
    "pk": 4, 
    "model": "apptools.icon", 
    "fields": {
      "category": "local-base", 
      "url": "/static/images/32px-Crystal_Clear_app_clean__.png"
    }
  }, 
  {
    "pk": 5, 
    "model": "apptools.icon", 
    "fields": {
      "category": "local-large", 
      "url": "/static/images/Crystal_Clear_app_clean_.png"
    }
  }, 
  {
    "pk": 6, 
    "model": "apptools.icon", 
    "fields": {
      "category": "local-base", 
      "url": "/static/images/32px-Crystal_Clear_device_floppy_unmount.png"
    }
  }, 
  {
    "pk": 7, 
    "model": "apptools.icon", 
    "fields": {
      "category": "local-large", 
      "url": "/static/images/Crystal_Clear_device_floppy_unmount.png"
    }
  }, 
  {
    "pk": 8, 
    "model": "apptools.icon", 
    "fields": {
      "category": "local-base", 
      "url": "/static/images/32px-Crystal_Clear_action_edit.png"
    }
  }, 
  {
    "pk": 9, 
    "model": "apptools.icon", 
    "fields": {
      "category": "local-large", 
      "url": "/static/images/Crystal_Clear_action_edit.png"
    }
  }, 
  {
    "pk": 10, 
    "model": "apptools.icon", 
    "fields": {
      "category": "local-base", 
      "url": "/static/images/32px-Crystal_Clear_action_build.png"
    }
  }, 
  {
    "pk": 11, 
    "model": "apptools.icon", 
    "fields": {
      "category": "local-large", 
      "url": "/static/images/Crystal_Clear_action_build.png"
    }
  }, 
  {
    "pk": 12, 
    "model": "apptools.icon", 
    "fields": {
      "category": "local-base", 
      "url": "/static/images/32px-Crystal_Clear_action_stop.png"
    }
  }, 
  {
    "pk": 13, 
    "model": "apptools.icon", 
    "fields": {
      "category": "local-large", 
      "url": "/static/images/Crystal_Clear_action_stop.png"
    }
  }, 
  {
    "pk": 14, 
    "model": "apptools.icon", 
    "fields": {
      "category": "local-base", 
      "url": "/static/images/32px-Crystal_Clear_action_exit.png"
    }
  }, 
  {
    "pk": 15, 
    "model": "apptools.icon", 
    "fields": {
      "category": "local-large", 
      "url": "/static/images/Crystal_Clear_action_exit.png"
    }
  }, 
  {
    "pk": 16, 
    "model": "apptools.icon", 
    "fields": {
      "category": "local-base", 
      "url": "/static/images/32px-Crystal_Clear_action_edit_add.png"
    }
  }, 
  {
    "pk": 17, 
    "model": "apptools.icon", 
    "fields": {
      "category": "local-large", 
      "url": "/static/images/Crystal_Clear_action_edit_add.png"
    }
  }, 
  {
    "pk": 18, 
    "model": "apptools.icon", 
    "fields": {
      "category": "local-base", 
      "url": "/static/images/32px-Crystal_Clear_action_edit_remove.png"
    }
  }, 
  {
    "pk": 19, 
    "model": "apptools.icon", 
    "fields": {
      "category": "local-large", 
      "url": "/static/images/Crystal_Clear_action_edit_remove.png"
    }
  }, 
  {
    "pk": 20, 
    "model": "apptools.icon", 
    "fields": {
      "category": "local-base", 
      "url": "/static/images/32px-Crystal_Clear_action_filenew.png"
    }
  }, 
  {
    "pk": 21, 
    "model": "apptools.icon", 
    "fields": {
      "category": "local-large", 
      "url": "/static/images/Crystal_Clear_action_filenew.png"
    }
  }, 
  {
    "pk": 22, 
    "model": "apptools.icon", 
    "fields": {
      "category": "local-base", 
      "url": "/static/images/32px-Crystal_Clear_app_email.png"
    }
  }, 
  {
    "pk": 23, 
    "model": "apptools.icon", 
    "fields": {
      "category": "local-large", 
      "url": "/static/images/Crystal_Clear_app_email.png"
    }
  }, 
  {
    "pk": 24, 
    "model": "apptools.icon", 
    "fields": {
      "category": "local-base", 
      "url": "/static/images/32px-Crystal_Clear_action_reload.png"
    }
  }, 
  {
    "pk": 25, 
    "model": "apptools.icon", 
    "fields": {
      "category": "local-large", 
      "url": "/static/images/Crystal_Clear_action_reload.png"
    }
  }, 
  {
    "pk": 26, 
    "model": "apptools.icon", 
    "fields": {
      "category": "local-base", 
      "url": "/static/images/32px-Crystal_Clear_app_error.png"
    }
  }, 
  {
    "pk": 27, 
    "model": "apptools.icon", 
    "fields": {
      "category": "local-large", 
      "url": "/static/images/Crystal_Clear_app_error.png"
    }
  }, 
  {
    "pk": 28, 
    "model": "apptools.icon", 
    "fields": {
      "category": "local-base", 
      "url": "/static/images/32px-Crystal_Clear_action_info.png"
    }
  }, 
  {
    "pk": 29, 
    "model": "apptools.icon", 
    "fields": {
      "category": "local-base", 
      "url": "/static/images/32px-Crystal_Clear_app_xmag.png"
    }
  }, 
  {
    "pk": 30, 
    "model": "apptools.icon", 
    "fields": {
      "category": "local-large", 
      "url": "/static/images/Crystal_Clear_action_info.png"
    }
  }, 
  {
    "pk": 31, 
    "model": "apptools.icon", 
    "fields": {
      "category": "local-large", 
      "url": "/static/images/Crystal_Clear_app_xmag.png"
    }
  }, 
  {
    "pk": "cancel", 
    "model": "apptools.imagebutton", 
    "fields": {
      "icon": 2, 
      "label": "Cancel"
    }
  }, 
  {
    "pk": "ok", 
    "model": "apptools.imagebutton", 
    "fields": {
      "icon": 4, 
      "label": "OK"
    }
  }, 
  {
    "pk": "save", 
    "model": "apptools.imagebutton", 
    "fields": {
      "icon": 6, 
      "label": "Save"
    }
  }, 
  {
    "pk": "edit", 
    "model": "apptools.imagebutton", 
    "fields": {
      "icon": 8, 
      "label": "Edit"
    }
  }, 
  {
    "pk": "exit", 
    "model": "apptools.imagebutton", 
    "fields": {
      "icon": 14, 
      "label": "Exit"
    }
  }, 
  {
    "pk": "error", 
    "model": "apptools.imagebutton", 
    "fields": {
      "icon": 26, 
      "label": "Error"
    }
  }, 
  {
    "pk": "new", 
    "model": "apptools.imagebutton", 
    "fields": {
      "icon": 20, 
      "label": "New"
    }
  }, 
  {
    "pk": "return", 
    "model": "apptools.imagebutton", 
    "fields": {
      "icon": 24, 
      "label": "Return"
    }
  }, 
  {
    "pk": "end", 
    "model": "apptools.imagebutton", 
    "fields": {
      "icon": 14, 
      "label": "End"
    }
  }, 
  {
    "pk": "sendmail", 
    "model": "apptools.imagebutton", 
    "fields": {
      "icon": 22, 
      "label": "Send mail"
    }
  }, 
  {
    "pk": "help", 
    "model": "apptools.imagebutton", 
    "fields": {
      "icon": 28, 
      "label": "Help"
    }
  }, 
  {
    "pk": "view", 
    "model": "apptools.imagebutton", 
    "fields": {
      "icon": 29, 
      "label": "View"
    }
  }
]
