[
  {
    "pk": 3, 
    "model": "auth.group", 
    "fields": {
      "name": "employee", 
      "permissions": [
        40
      ]
    }
  }, 
  {
    "pk": 4, 
    "model": "auth.group", 
    "fields": {
      "name": "leave", 
      "permissions": [
        40
      ]
    }
  }, 
  {
    "pk": 1, 
    "model": "auth.group", 
    "fields": {
      "name": "manager", 
      "permissions": [
        25, 
        26, 
        27, 
        28, 
        29, 
        30, 
        31, 
        32, 
        33, 
        34, 
        35, 
        36, 
        37, 
        41, 
        40, 
        38, 
        39, 
        42, 
        43, 
        44, 
        45, 
        46, 
        47, 
        48, 
        49, 
        50, 
        51, 
        52, 
        53, 
        54, 
        55, 
        56, 
        57
      ]
    }
  }, 
  {
    "pk": 2, 
    "model": "auth.group", 
    "fields": {
      "name": "secretary", 
      "permissions": [
        56
      ]
    }
  }, 
  {
    "pk": 1, 
    "model": "auth.user", 
    "fields": {
      "username": "admin", 
      "first_name": "", 
      "last_name": "", 
      "is_active": true, 
      "is_superuser": true, 
      "is_staff": true, 
      "last_login": "2008-04-30 00:21:07", 
      "groups": [], 
      "user_permissions": [], 
      "password": "sha1$c5ef3$1ffce0c6ab8bfbd1e56109cd8c32c07487eb8099", 
      "email": "goflow@alwaysdata.net", 
      "date_joined": "2007-07-22 12:28:10"
    }
  }, 
  {
    "pk": 10, 
    "model": "auth.user", 
    "fields": {
      "username": "auto", 
      "first_name": "", 
      "last_name": "runs auto applications", 
      "is_active": true, 
      "is_superuser": false, 
      "is_staff": false, 
      "last_login": "2007-10-06 22:30:01", 
      "groups": [], 
      "user_permissions": [], 
      "password": "sha1$724c9$c92da4ab8185ba00b89384e234e089a0e46dcb25", 
      "email": "", 
      "date_joined": "2007-10-06 22:30:01"
    }
  }, 
  {
    "pk": 9, 
    "model": "auth.user", 
    "fields": {
      "username": "notarius", 
      "first_name": "", 
      "last_name": "", 
      "is_active": true, 
      "is_superuser": false, 
      "is_staff": true, 
      "last_login": "2008-04-02 11:00:13", 
      "groups": [
        3, 
        4, 
        2
      ], 
      "user_permissions": [], 
      "password": "sha1$21f27$9bf9ace1d52ad4c74d199ba76bf711bd8fe74484", 
      "email": "", 
      "date_joined": "2007-07-29 12:24:05"
    }
  }, 
  {
    "pk": 3, 
    "model": "auth.user", 
    "fields": {
      "username": "prefectus", 
      "first_name": "", 
      "last_name": "", 
      "is_active": true, 
      "is_superuser": false, 
      "is_staff": true, 
      "last_login": "2008-04-02 11:10:15", 
      "groups": [
        3, 
        4, 
        1
      ], 
      "user_permissions": [], 
      "password": "sha1$42fea$803a874263ca061267131d93930793534307d4c9", 
      "email": "", 
      "date_joined": "2007-07-28 12:52:55"
    }
  }, 
  {
    "pk": 4, 
    "model": "auth.user", 
    "fields": {
      "username": "primus", 
      "first_name": "", 
      "last_name": "", 
      "is_active": true, 
      "is_superuser": false, 
      "is_staff": true, 
      "last_login": "2008-04-02 11:10:17", 
      "groups": [
        3, 
        4
      ], 
      "user_permissions": [], 
      "password": "sha1$9fdf4$c44f36db2ee5a42733bc166d139b5778b08cf33e", 
      "email": "goflow@alwaysdata.net", 
      "date_joined": "2007-07-28 12:54:36"
    }
  }, 
  {
    "pk": 7, 
    "model": "auth.user", 
    "fields": {
      "username": "quartus", 
      "first_name": "", 
      "last_name": "", 
      "is_active": true, 
      "is_superuser": false, 
      "is_staff": true, 
      "last_login": "2008-04-01 22:45:24", 
      "groups": [
        3, 
        4
      ], 
      "user_permissions": [], 
      "password": "sha1$15876$c4a36805344668f49614c3720acea5d4a055b0b2", 
      "email": "", 
      "date_joined": "2007-07-29 12:22:56"
    }
  }, 
  {
    "pk": 5, 
    "model": "auth.user", 
    "fields": {
      "username": "secundus", 
      "first_name": "", 
      "last_name": "", 
      "is_active": true, 
      "is_superuser": false, 
      "is_staff": true, 
      "last_login": "2008-04-02 11:00:09", 
      "groups": [
        3, 
        4
      ], 
      "user_permissions": [], 
      "password": "sha1$59ac7$aeccc71edac9b47380036dd9f19c9383af68d557", 
      "email": "", 
      "date_joined": "2007-07-29 12:21:50"
    }
  }, 
  {
    "pk": 8, 
    "model": "auth.user", 
    "fields": {
      "username": "socius", 
      "first_name": "", 
      "last_name": "", 
      "is_active": true, 
      "is_superuser": false, 
      "is_staff": true, 
      "last_login": "2008-04-02 11:00:07", 
      "groups": [
        3, 
        4, 
        2
      ], 
      "user_permissions": [], 
      "password": "sha1$4150a$5126afea8fb33a1735de3d1afc3dd1bfb2b9f1e4", 
      "email": "", 
      "date_joined": "2007-07-29 12:23:20"
    }
  }, 
  {
    "pk": 6, 
    "model": "auth.user", 
    "fields": {
      "username": "tertius", 
      "first_name": "", 
      "last_name": "", 
      "is_active": true, 
      "is_superuser": false, 
      "is_staff": true, 
      "last_login": "2008-04-01 22:45:23", 
      "groups": [
        3, 
        4
      ], 
      "user_permissions": [], 
      "password": "sha1$7b269$cf1cfba01895fafd79473501180c0ee8b643ec60", 
      "email": "", 
      "date_joined": "2007-07-29 12:22:32"
    }
  }, 
  {
    "pk": 1, 
    "model": "leave.manager", 
    "fields": {
      "category": "supervisor", 
      "user": 3, 
      "users": [
        9, 
        3, 
        4, 
        7, 
        5, 
        8, 
        6
      ]
    }
  }, 
  {
    "pk": 2, 
    "model": "leave.manager", 
    "fields": {
      "category": "secretary", 
      "user": 9, 
      "users": [
        1, 
        3, 
        4, 
        5, 
        8
      ]
    }
  }, 
  {
    "pk": 3, 
    "model": "leave.manager", 
    "fields": {
      "category": "secretary", 
      "user": 8, 
      "users": [
        9, 
        7, 
        6
      ]
    }
  }, 
  {
    "pk": 1, 
    "model": "leave.account", 
    "fields": {
      "category": "vacations", 
      "user": 3, 
      "days": 10
    }
  }, 
  {
    "pk": 2, 
    "model": "leave.account", 
    "fields": {
      "category": "vacations", 
      "user": 4, 
      "days": 10
    }
  }, 
  {
    "pk": 3, 
    "model": "leave.account", 
    "fields": {
      "category": "vacations", 
      "user": 5, 
      "days": 10
    }
  }, 
  {
    "pk": 4, 
    "model": "leave.account", 
    "fields": {
      "category": "vacations", 
      "user": 6, 
      "days": 10
    }
  }, 
  {
    "pk": 5, 
    "model": "leave.account", 
    "fields": {
      "category": "vacations", 
      "user": 7, 
      "days": 10
    }
  }, 
  {
    "pk": 6, 
    "model": "leave.account", 
    "fields": {
      "category": "vacations", 
      "user": 8, 
      "days": 10
    }
  }, 
  {
    "pk": 7, 
    "model": "leave.account", 
    "fields": {
      "category": "vacations", 
      "user": 9, 
      "days": 10
    }
  }, 
  {
    "pk": 12, 
    "model": "leave.account", 
    "fields": {
      "category": "vacations", 
      "user": 1, 
      "days": 10
    }
  }, 
  {
    "pk": 1, 
    "model": "workflow.pushapplication", 
    "fields": {
      "url": "route_to_supervisor"
    }
  }, 
  {
    "pk": 2, 
    "model": "workflow.pushapplication", 
    "fields": {
      "url": "route_to_secretary"
    }
  }, 
  {
    "pk": 3, 
    "model": "workflow.pushapplication", 
    "fields": {
      "url": "route_to_requester"
    }
  }, 
  {
    "pk": 2, 
    "model": "workflow.process", 
    "fields": {
      "begin": 10, 
      "end": 9, 
      "description": "version using high level functions to minimize dev effort", 
      "title": "leave", 
      "enabled": true, 
      "priority": 0, 
      "date": "2008-04-01 17:40:39"
    }
  }, 
  {
    "pk": 3, 
    "model": "workflow.process", 
    "fields": {
      "begin": null, 
      "end": null, 
      "description": "dummy process used to keep activities and transitions out of the active process", 
      "title": "dummy", 
      "enabled": true, 
      "priority": 0, 
      "date": "2007-10-08 21:49:41"
    }
  }, 
  {
    "pk": 4, 
    "model": "workflow.process", 
    "fields": {
      "begin": null, 
      "end": 12, 
      "description": "gestion des absences: r\u00f4les employ\u00e9, secr\u00e9taire, manager", 
      "title": "Gestion des absences", 
      "enabled": true, 
      "priority": 0, 
      "date": "2008-04-29 21:34:46"
    }
  }, 
  {
    "pk": 8, 
    "model": "workflow.transition", 
    "fields": {
      "description": "", 
      "process": 2, 
      "output": 10, 
      "input": 7, 
      "condition": "Re-request", 
      "name": "re_request"
    }
  }, 
  {
    "pk": 9, 
    "model": "workflow.transition", 
    "fields": {
      "description": "", 
      "process": 2, 
      "output": 9, 
      "input": 7, 
      "condition": "Withdraw request", 
      "name": "cancel_request"
    }
  }, 
  {
    "pk": 10, 
    "model": "workflow.transition", 
    "fields": {
      "description": "", 
      "process": 2, 
      "output": 6, 
      "input": 8, 
      "condition": "OK: Forward to secretary", 
      "name": "request_approved"
    }
  }, 
  {
    "pk": 11, 
    "model": "workflow.transition", 
    "fields": {
      "description": "", 
      "process": 2, 
      "output": 7, 
      "input": 8, 
      "condition": "Denied: Back to requester", 
      "name": "not_approved"
    }
  }, 
  {
    "pk": 12, 
    "model": "workflow.transition", 
    "fields": {
      "description": "", 
      "process": 2, 
      "output": 9, 
      "input": 6, 
      "condition": "", 
      "name": "tell_employee"
    }
  }, 
  {
    "pk": 13, 
    "model": "workflow.transition", 
    "fields": {
      "description": "", 
      "process": 2, 
      "output": 7, 
      "input": 10, 
      "condition": "Denied: Back to requester", 
      "name": "send_to_refinement"
    }
  }, 
  {
    "pk": 14, 
    "model": "workflow.transition", 
    "fields": {
      "description": "", 
      "process": 2, 
      "output": 8, 
      "input": 10, 
      "condition": "OK: Forward to supervisor", 
      "name": "send_to_approval"
    }
  }, 
  {
    "pk": 15, 
    "model": "workflow.transition", 
    "fields": {
      "description": "test timeout", 
      "process": 3, 
      "output": 11, 
      "input": 10, 
      "condition": "workitem.time_out(delay=1, unit='minutes')", 
      "name": "begin_notification"
    }
  }, 
  {
    "pk": 9, 
    "model": "workflow.application", 
    "fields": {
      "url": "hrform", 
      "suffix": null
    }
  }, 
  {
    "pk": 11, 
    "model": "workflow.application", 
    "fields": {
      "url": "finalinfo", 
      "suffix": null
    }
  }, 
  {
    "pk": 14, 
    "model": "workflow.application", 
    "fields": {
      "url": "checkstatus_auto", 
      "suffix": null
    }
  }, 
  {
    "pk": 15, 
    "model": "workflow.application", 
    "fields": {
      "url": "send_mail", 
      "suffix": null
    }
  }, 
  {
    "pk": 16, 
    "model": "workflow.application", 
    "fields": {
      "url": "checkstatus", 
      "suffix": "w"
    }
  }, 
  {
    "pk": 17, 
    "model": "workflow.application", 
    "fields": {
      "url": "refine", 
      "suffix": "w"
    }
  }, 
  {
    "pk": 18, 
    "model": "workflow.application", 
    "fields": {
      "url": "approvalform", 
      "suffix": "w"
    }
  }, 
  {
    "pk": 6, 
    "model": "workflow.activity", 
    "fields": {
      "kind": "s", 
      "description": "", 
      "roles": [
        2
      ], 
      "application": 9, 
      "process": 2, 
      "autoFinish": true, 
      "title": "UpdateHR", 
      "subflow": null, 
      "pushApplication": 2, 
      "autoStart": false, 
      "app_param": "", 
      "joinMode": "a", 
      "splitMode": "a", 
      "pushapp_param": ""
    }
  }, 
  {
    "pk": 7, 
    "model": "workflow.activity", 
    "fields": {
      "kind": "s", 
      "description": "", 
      "roles": [
        3
      ], 
      "application": 17, 
      "process": 2, 
      "autoFinish": true, 
      "title": "Refinement", 
      "subflow": null, 
      "pushApplication": 3, 
      "autoStart": false, 
      "app_param": "{'ok_values':('Re-request', 'Withdraw request')}", 
      "joinMode": "x", 
      "splitMode": "x", 
      "pushapp_param": ""
    }
  }, 
  {
    "pk": 8, 
    "model": "workflow.activity", 
    "fields": {
      "kind": "s", 
      "description": "", 
      "roles": [
        1
      ], 
      "application": 18, 
      "process": 2, 
      "autoFinish": true, 
      "title": "Approval", 
      "subflow": null, 
      "pushApplication": 1, 
      "autoStart": false, 
      "app_param": "{'ok_values':('OK: Forward to secretary', 'Denied: Back to requester')}", 
      "joinMode": "a", 
      "splitMode": "x", 
      "pushapp_param": ""
    }
  }, 
  {
    "pk": 9, 
    "model": "workflow.activity", 
    "fields": {
      "kind": "s", 
      "description": "", 
      "roles": [], 
      "application": 11, 
      "process": 2, 
      "autoFinish": false, 
      "title": "End", 
      "subflow": null, 
      "pushApplication": 3, 
      "autoStart": false, 
      "app_param": "", 
      "joinMode": "x", 
      "splitMode": "a", 
      "pushapp_param": ""
    }
  }, 
  {
    "pk": 10, 
    "model": "workflow.activity", 
    "fields": {
      "kind": "s", 
      "description": "", 
      "roles": [
        2
      ], 
      "application": 16, 
      "process": 2, 
      "autoFinish": true, 
      "title": "Begin", 
      "subflow": null, 
      "pushApplication": 2, 
      "autoStart": false, 
      "app_param": "{'ok_values':('OK: Forward to supervisor', 'Denied: Back to requester')}", 
      "joinMode": "a", 
      "splitMode": "x", 
      "pushapp_param": ""
    }
  }, 
  {
    "pk": 11, 
    "model": "workflow.activity", 
    "fields": {
      "kind": "s", 
      "description": "", 
      "roles": [
        3
      ], 
      "application": 15, 
      "process": 3, 
      "autoFinish": true, 
      "title": "notification", 
      "subflow": null, 
      "pushApplication": null, 
      "autoStart": true, 
      "app_param": "{'username':'admin'}", 
      "joinMode": "a", 
      "splitMode": "a", 
      "pushapp_param": ""
    }
  }, 
  {
    "pk": 12, 
    "model": "workflow.activity", 
    "fields": {
      "kind": "s", 
      "description": "", 
      "roles": [], 
      "application": 11, 
      "process": 4, 
      "autoFinish": true, 
      "title": "Information", 
      "subflow": null, 
      "pushApplication": null, 
      "autoStart": false, 
      "app_param": "", 
      "joinMode": "x", 
      "splitMode": "a", 
      "pushapp_param": ""
    }
  }, 
  {
    "pk": 13, 
    "model": "workflow.activity", 
    "fields": {
      "kind": "s", 
      "description": "", 
      "roles": [
        2
      ], 
      "application": 16, 
      "process": 4, 
      "autoFinish": true, 
      "title": "Contr\u00f4le demande", 
      "subflow": null, 
      "pushApplication": 2, 
      "autoStart": false, 
      "app_param": "{'ok_values':('OK: pour approbation', 'Refus\u00e9: \u00e0 corriger')}", 
      "joinMode": "a", 
      "splitMode": "x", 
      "pushapp_param": ""
    }
  }, 
  {
    "pk": 14, 
    "model": "workflow.activity", 
    "fields": {
      "kind": "s", 
      "description": "", 
      "roles": [
        1
      ], 
      "application": 18, 
      "process": 4, 
      "autoFinish": true, 
      "title": "Approbation", 
      "subflow": null, 
      "pushApplication": 1, 
      "autoStart": false, 
      "app_param": "{'ok_values':('OK: \u00e0 enregistrer', 'Refus\u00e9: \u00e0 modifier')}", 
      "joinMode": "a", 
      "splitMode": "x", 
      "pushapp_param": ""
    }
  }, 
  {
    "pk": 15, 
    "model": "workflow.activity", 
    "fields": {
      "kind": "s", 
      "description": "", 
      "roles": [
        3
      ], 
      "application": 17, 
      "process": 4, 
      "autoFinish": true, 
      "title": "Correction", 
      "subflow": null, 
      "pushApplication": 3, 
      "autoStart": false, 
      "app_param": "{'ok_values':('Soumettre \u00e0 nouveau', 'Annuler')}", 
      "joinMode": "x", 
      "splitMode": "x", 
      "pushapp_param": ""
    }
  }, 
  {
    "pk": 16, 
    "model": "workflow.activity", 
    "fields": {
      "kind": "s", 
      "description": "", 
      "roles": [
        2
      ], 
      "application": 9, 
      "process": 4, 
      "autoFinish": true, 
      "title": "Mise \u00e0 jour base", 
      "subflow": null, 
      "pushApplication": 2, 
      "autoStart": false, 
      "app_param": "", 
      "joinMode": "a", 
      "splitMode": "a", 
      "pushapp_param": ""
    }
  }, 
  {
    "pk": 1, 
    "model": "workflow.userprofile", 
    "fields": {
      "notified": true, 
      "last_notif": "2009-03-28 16:52:44", 
      "nb_wi_notif": 1, 
      "delai_notif": 1, 
      "web_host": "localhost:8000", 
      "user": 1
    }
  }, 
  {
    "pk": 2, 
    "model": "workflow.userprofile", 
    "fields": {
      "notified": true, 
      "last_notif": "2009-03-28 18:15:13", 
      "nb_wi_notif": 1, 
      "delai_notif": 1, 
      "web_host": "localhost:8000", 
      "user": 9
    }
  }, 
  {
    "pk": 3, 
    "model": "workflow.userprofile", 
    "fields": {
      "notified": true, 
      "last_notif": "2009-03-28 18:15:26", 
      "nb_wi_notif": 1, 
      "delai_notif": 1, 
      "web_host": "localhost:8000", 
      "user": 3
    }
  }, 
  {
    "pk": 4, 
    "model": "workflow.userprofile", 
    "fields": {
      "notified": true, 
      "last_notif": "2009-03-28 18:15:36", 
      "nb_wi_notif": 1, 
      "delai_notif": 1, 
      "web_host": "localhost:8000", 
      "user": 4
    }
  }, 
  {
    "pk": 5, 
    "model": "workflow.userprofile", 
    "fields": {
      "notified": true, 
      "last_notif": "2009-03-28 18:15:48", 
      "nb_wi_notif": 1, 
      "delai_notif": 1, 
      "web_host": "localhost:8000", 
      "user": 7
    }
  }, 
  {
    "pk": 6, 
    "model": "workflow.userprofile", 
    "fields": {
      "notified": true, 
      "last_notif": "2009-03-28 18:16:31", 
      "nb_wi_notif": 1, 
      "delai_notif": 1, 
      "web_host": "localhost:8000", 
      "user": 5
    }
  }, 
  {
    "pk": 7, 
    "model": "workflow.userprofile", 
    "fields": {
      "notified": true, 
      "last_notif": "2009-03-28 18:16:41", 
      "nb_wi_notif": 1, 
      "delai_notif": 1, 
      "web_host": "localhost:8000", 
      "user": 8
    }
  }, 
  {
    "pk": 8, 
    "model": "workflow.userprofile", 
    "fields": {
      "notified": true, 
      "last_notif": "2009-03-28 18:17:06", 
      "nb_wi_notif": 1, 
      "delai_notif": 1, 
      "web_host": "localhost:8000", 
      "user": 6
    }
  }, 
  {
    "pk": 9, 
    "model": "workflow.userprofile", 
    "fields": {
      "notified": true, 
      "last_notif": "2009-03-28 16:52:44", 
      "nb_wi_notif": 1, 
      "delai_notif": 1, 
      "web_host": "localhost:8000", 
      "user": 10
    }
  }, 
  {
    "pk": 1, 
    "model": "graphics2.processimage", 
    "fields": {
      "process": 4, 
      "file": "images/leave_workflow.png"
    }
  }, 
  {
    "pk": 1, 
    "model": "graphics2.activityposition", 
    "fields": {
      "diagram": 1, 
      "x": 72, 
      "y": 334, 
      "activity": 12
    }
  }, 
  {
    "pk": 2, 
    "model": "graphics2.activityposition", 
    "fields": {
      "diagram": 1, 
      "x": 208, 
      "y": 100, 
      "activity": 13
    }
  }, 
  {
    "pk": 3, 
    "model": "graphics2.activityposition", 
    "fields": {
      "diagram": 1, 
      "x": 329, 
      "y": 185, 
      "activity": 14
    }
  }, 
  {
    "pk": 4, 
    "model": "graphics2.activityposition", 
    "fields": {
      "diagram": 1, 
      "x": 111, 
      "y": 179, 
      "activity": 15
    }
  }, 
  {
    "pk": 5, 
    "model": "graphics2.activityposition", 
    "fields": {
      "diagram": 1, 
      "x": 223, 
      "y": 289, 
      "activity": 16
    }
  }
]
