[
  {
    "pk": 1, 
    "model": "auth.group", 
    "fields": {
      "name": "Sample process", 
      "permissions": [
        31
      ]
    }
  }, 
  {
    "pk": 2, 
    "model": "auth.group", 
    "fields": {
      "name": "group1", 
      "permissions": []
    }
  }, 
  {
    "pk": 3, 
    "model": "auth.group", 
    "fields": {
      "name": "admin_all", 
      "permissions": [
        22, 
        23, 
        24, 
        55, 
        61, 
        58, 
        64, 
        56, 
        62, 
        59, 
        65, 
        57, 
        63, 
        60, 
        66, 
        4, 
        10, 
        1, 
        7, 
        5, 
        11, 
        2, 
        8, 
        6, 
        12, 
        3, 
        9, 
        13, 
        14, 
        15, 
        52, 
        45, 
        48, 
        51, 
        53, 
        46, 
        49, 
        54, 
        47, 
        50, 
        67, 
        68, 
        69, 
        16, 
        17, 
        18, 
        19, 
        20, 
        21, 
        25, 
        33, 
        28, 
        36, 
        39, 
        42, 
        32, 
        31, 
        26, 
        34, 
        29, 
        37, 
        40, 
        43, 
        27, 
        35, 
        30, 
        38, 
        41, 
        44
      ]
    }
  }, 
  {
    "pk": 1, 
    "model": "auth.user", 
    "fields": {
      "username": "admin", 
      "first_name": "", 
      "last_name": "", 
      "is_active": true, 
      "is_superuser": true, 
      "is_staff": true, 
      "last_login": "2008-09-12 17:08:30", 
      "groups": [
        1
      ], 
      "user_permissions": [], 
      "password": "sha1$ee0c2$3b0b3a44a5e6c1b54c9e9db41a160f6299fa1661", 
      "email": "sample@project.com", 
      "date_joined": "2008-08-18 11:02:14"
    }
  }, 
  {
    "pk": 2, 
    "model": "auth.user", 
    "fields": {
      "username": "user1", 
      "first_name": "", 
      "last_name": "", 
      "is_active": true, 
      "is_superuser": false, 
      "is_staff": true, 
      "last_login": "2008-09-12 16:45:59", 
      "groups": [
        1, 
        2, 
        3
      ], 
      "user_permissions": [], 
      "password": "sha1$61c72$3faf3371afcba941558a6c1125ea6246351468d8", 
      "email": "", 
      "date_joined": "2008-08-18 11:49:55"
    }
  }, 
  {
    "pk": 3, 
    "model": "auth.user", 
    "fields": {
      "username": "auto", 
      "first_name": "", 
      "last_name": "Auto User", 
      "is_active": true, 
      "is_superuser": false, 
      "is_staff": false, 
      "last_login": "2008-08-18 17:59:56", 
      "groups": [], 
      "user_permissions": [], 
      "password": "sha1$22b72$084f0ff33d3a37b14f6554d76b04d7d64fc3560d", 
      "email": "sample@project.com", 
      "date_joined": "2008-08-18 17:59:56"
    }
  }, 
  {
    "pk": 4, 
    "model": "auth.user", 
    "fields": {
      "username": "user2", 
      "first_name": "", 
      "last_name": "", 
      "is_active": true, 
      "is_superuser": false, 
      "is_staff": true, 
      "last_login": "2008-09-12 17:15:50", 
      "groups": [
        3
      ], 
      "user_permissions": [], 
      "password": "sha1$698e6$f0612d078cd038f598edd4a4dbce4cbce23eaee2", 
      "email": "", 
      "date_joined": "2008-09-12 17:07:31"
    }
  }, 
  {
    "pk": 5, 
    "model": "auth.user", 
    "fields": {
      "username": "userg1", 
      "first_name": "", 
      "last_name": "", 
      "is_active": true, 
      "is_superuser": false, 
      "is_staff": false, 
      "last_login": "2008-09-12 17:15:51", 
      "groups": [], 
      "user_permissions": [], 
      "password": "sha1$08c51$8c29c3bedea911f2d277a0a57a32f07f7c1ff383", 
      "email": "", 
      "date_joined": "2008-09-12 17:13:47"
    }
  }, 
  {
    "pk": 1, 
    "model": "workflow.activity", 
    "fields": {
      "kind": "dummy", 
      "push_application": null, 
      "description": null, 
      "roles": [], 
      "title": "End", 
      "process": 1, 
      "autofinish": true, 
      "join_mode": "xor", 
      "subflow": null, 
      "application": null, 
      "split_mode": "and", 
      "app_param": null, 
      "autostart": true, 
      "pushapp_param": null
    }
  }, 
  {
    "pk": 2, 
    "model": "workflow.activity", 
    "fields": {
      "kind": "standard", 
      "push_application": 1, 
      "description": "this activity use the \"choice_application\" handler.", 
      "roles": [], 
      "title": "A choice activity", 
      "process": 1, 
      "autofinish": true, 
      "join_mode": "xor", 
      "subflow": null, 
      "application": 1, 
      "split_mode": "xor", 
      "app_param": "{'template':'sample/choice.html'}", 
      "autostart": false, 
      "pushapp_param": ""
    }
  }, 
  {
    "pk": 3, 
    "model": "workflow.activity", 
    "fields": {
      "kind": "standard", 
      "push_application": 1, 
      "description": "this activity use the \"view_application\" handler.", 
      "roles": [], 
      "title": "A view activity", 
      "process": 1, 
      "autofinish": true, 
      "join_mode": "xor", 
      "subflow": null, 
      "application": 2, 
      "split_mode": "xor", 
      "app_param": "{'template':'sample/view.html', 'ok_values':('send','end')}", 
      "autostart": false, 
      "pushapp_param": ""
    }
  }, 
  {
    "pk": 4, 
    "model": "workflow.activity", 
    "fields": {
      "kind": "standard", 
      "push_application": null, 
      "description": "this activity use the \"edit_model\" handler.", 
      "roles": [
        2
      ], 
      "title": "An edition activity for group1", 
      "process": 1, 
      "autofinish": true, 
      "join_mode": "xor", 
      "subflow": null, 
      "application": 4, 
      "split_mode": "and", 
      "app_param": "", 
      "autostart": false, 
      "pushapp_param": ""
    }
  }, 
  {
    "pk": 5, 
    "model": "workflow.activity", 
    "fields": {
      "kind": "standard", 
      "push_application": null, 
      "description": "This auto activity sends a mail", 
      "roles": [], 
      "title": "An auto activity", 
      "process": 1, 
      "autofinish": true, 
      "join_mode": "xor", 
      "subflow": null, 
      "application": 3, 
      "split_mode": "and", 
      "app_param": "{'subject':'sample model content', 'template':'sample/sample_mail.txt'}", 
      "autostart": true, 
      "pushapp_param": ""
    }
  }, 
  {
    "pk": 6, 
    "model": "workflow.activity", 
    "fields": {
      "kind": "standard", 
      "push_application": 2, 
      "description": "this activity use the \"edit_model\" handler.", 
      "roles": [], 
      "title": "Another edition activity for user2", 
      "process": 1, 
      "autofinish": true, 
      "join_mode": "xor", 
      "subflow": null, 
      "application": 4, 
      "split_mode": "and", 
      "app_param": "", 
      "autostart": false, 
      "pushapp_param": "{'username':'user2'}"
    }
  }, 
  {
    "pk": 7, 
    "model": "workflow.activity", 
    "fields": {
      "kind": "dummy", 
      "push_application": null, 
      "description": null, 
      "roles": [], 
      "title": "End", 
      "process": 2, 
      "autofinish": true, 
      "join_mode": "xor", 
      "subflow": null, 
      "application": null, 
      "split_mode": "and", 
      "app_param": null, 
      "autostart": true, 
      "pushapp_param": null
    }
  }, 
  {
    "pk": 8, 
    "model": "workflow.activity", 
    "fields": {
      "kind": "standard", 
      "push_application": null, 
      "description": "", 
      "roles": [], 
      "title": "dispatch activities", 
      "process": 2, 
      "autofinish": true, 
      "join_mode": "xor", 
      "subflow": null, 
      "application": null, 
      "split_mode": "and", 
      "app_param": "", 
      "autostart": false, 
      "pushapp_param": ""
    }
  }, 
  {
    "pk": 9, 
    "model": "workflow.activity", 
    "fields": {
      "kind": "standard", 
      "push_application": null, 
      "description": "", 
      "roles": [], 
      "title": "parallel 1", 
      "process": 2, 
      "autofinish": true, 
      "join_mode": "xor", 
      "subflow": null, 
      "application": null, 
      "split_mode": "and", 
      "app_param": "", 
      "autostart": false, 
      "pushapp_param": ""
    }
  }, 
  {
    "pk": 10, 
    "model": "workflow.activity", 
    "fields": {
      "kind": "standard", 
      "push_application": null, 
      "description": "", 
      "roles": [], 
      "title": "parallel 2", 
      "process": 2, 
      "autofinish": true, 
      "join_mode": "xor", 
      "subflow": null, 
      "application": null, 
      "split_mode": "and", 
      "app_param": "", 
      "autostart": false, 
      "pushapp_param": ""
    }
  }, 
  {
    "pk": 11, 
    "model": "workflow.activity", 
    "fields": {
      "kind": "standard", 
      "push_application": null, 
      "description": "", 
      "roles": [], 
      "title": "parallel 3", 
      "process": 2, 
      "autofinish": true, 
      "join_mode": "xor", 
      "subflow": null, 
      "application": null, 
      "split_mode": "and", 
      "app_param": "", 
      "autostart": false, 
      "pushapp_param": ""
    }
  }, 
  {
    "pk": 12, 
    "model": "workflow.activity", 
    "fields": {
      "kind": "standard", 
      "push_application": 1, 
      "description": "", 
      "roles": [], 
      "title": "join activity", 
      "process": 2, 
      "autofinish": true, 
      "join_mode": "and", 
      "subflow": null, 
      "application": null, 
      "split_mode": "and", 
      "app_param": "", 
      "autostart": false, 
      "pushapp_param": ""
    }
  }, 
  {
    "pk": 1, 
    "model": "workflow.process", 
    "fields": {
      "begin": 2, 
      "end": 1, 
      "description": "A sample process", 
      "title": "Sample process", 
      "enabled": true, 
      "priority": 0, 
      "date": "2008-09-09 21:35:12"
    }
  }, 
  {
    "pk": 2, 
    "model": "workflow.process", 
    "fields": {
      "begin": 8, 
      "end": 7, 
      "description": "parallel or concurrent workflow", 
      "title": "test parallel workflow", 
      "enabled": true, 
      "priority": 0, 
      "date": "2008-09-16 11:31:30"
    }
  }, 
  {
    "pk": 1, 
    "model": "workflow.application", 
    "fields": {
      "url": "apptools/choice_application", 
      "suffix": "w"
    }
  }, 
  {
    "pk": 2, 
    "model": "workflow.application", 
    "fields": {
      "url": "apptools/view_application", 
      "suffix": "w"
    }
  }, 
  {
    "pk": 3, 
    "model": "workflow.application", 
    "fields": {
      "url": "apptools/sendmail", 
      "suffix": "w"
    }
  }, 
  {
    "pk": 4, 
    "model": "workflow.application", 
    "fields": {
      "url": "sample_edit", 
      "suffix": "w"
    }
  }, 
  {
    "pk": 1, 
    "model": "workflow.pushapplication", 
    "fields": {
      "url": "route_to_requester"
    }
  }, 
  {
    "pk": 2, 
    "model": "workflow.pushapplication", 
    "fields": {
      "url": "route_to_user"
    }
  }, 
  {
    "pk": 3, 
    "model": "workflow.pushapplication", 
    "fields": {
      "url": "route_to_superuser"
    }
  }, 
  {
    "pk": 1, 
    "model": "workflow.transition", 
    "fields": {
      "precondition": "", 
      "description": "", 
      "process": 1, 
      "output": 1, 
      "input": 2, 
      "condition": "exit", 
      "name": ""
    }
  }, 
  {
    "pk": 2, 
    "model": "workflow.transition", 
    "fields": {
      "precondition": "", 
      "description": "", 
      "process": 1, 
      "output": 3, 
      "input": 2, 
      "condition": "help", 
      "name": ""
    }
  }, 
  {
    "pk": 3, 
    "model": "workflow.transition", 
    "fields": {
      "precondition": null, 
      "description": null, 
      "process": 1, 
      "output": 4, 
      "input": 2, 
      "condition": "edit", 
      "name": null
    }
  }, 
  {
    "pk": 4, 
    "model": "workflow.transition", 
    "fields": {
      "precondition": "", 
      "description": "", 
      "process": 1, 
      "output": 2, 
      "input": 3, 
      "condition": "return", 
      "name": ""
    }
  }, 
  {
    "pk": 5, 
    "model": "workflow.transition", 
    "fields": {
      "precondition": "", 
      "description": "", 
      "process": 1, 
      "output": 5, 
      "input": 4, 
      "condition": "sendmail", 
      "name": ""
    }
  }, 
  {
    "pk": 6, 
    "model": "workflow.transition", 
    "fields": {
      "precondition": "", 
      "description": "", 
      "process": 1, 
      "output": 6, 
      "input": 4, 
      "condition": "ok", 
      "name": ""
    }
  }, 
  {
    "pk": 7, 
    "model": "workflow.transition", 
    "fields": {
      "precondition": "", 
      "description": "", 
      "process": 1, 
      "output": 1, 
      "input": 5, 
      "condition": "", 
      "name": ""
    }
  }, 
  {
    "pk": 8, 
    "model": "workflow.transition", 
    "fields": {
      "precondition": "", 
      "description": "", 
      "process": 1, 
      "output": 2, 
      "input": 6, 
      "condition": "home", 
      "name": ""
    }
  }, 
  {
    "pk": 9, 
    "model": "workflow.transition", 
    "fields": {
      "precondition": "", 
      "description": "", 
      "process": 1, 
      "output": 1, 
      "input": 6, 
      "condition": "ok", 
      "name": ""
    }
  }, 
  {
    "pk": 10, 
    "model": "workflow.transition", 
    "fields": {
      "precondition": "", 
      "description": "", 
      "process": 2, 
      "output": 12, 
      "input": 9, 
      "condition": "", 
      "name": ""
    }
  }, 
  {
    "pk": 11, 
    "model": "workflow.transition", 
    "fields": {
      "precondition": "", 
      "description": null, 
      "process": 2, 
      "output": 9, 
      "input": 8, 
      "condition": "", 
      "name": null
    }
  }, 
  {
    "pk": 12, 
    "model": "workflow.transition", 
    "fields": {
      "precondition": "", 
      "description": null, 
      "process": 2, 
      "output": 10, 
      "input": 8, 
      "condition": "", 
      "name": null
    }
  }, 
  {
    "pk": 13, 
    "model": "workflow.transition", 
    "fields": {
      "precondition": "", 
      "description": null, 
      "process": 2, 
      "output": 11, 
      "input": 8, 
      "condition": "", 
      "name": null
    }
  }, 
  {
    "pk": 14, 
    "model": "workflow.transition", 
    "fields": {
      "precondition": "", 
      "description": null, 
      "process": 2, 
      "output": 12, 
      "input": 10, 
      "condition": "", 
      "name": null
    }
  }, 
  {
    "pk": 15, 
    "model": "workflow.transition", 
    "fields": {
      "precondition": "", 
      "description": null, 
      "process": 2, 
      "output": 12, 
      "input": 11, 
      "condition": "", 
      "name": null
    }
  }, 
  {
    "pk": 16, 
    "model": "workflow.transition", 
    "fields": {
      "precondition": "", 
      "description": null, 
      "process": 2, 
      "output": 7, 
      "input": 12, 
      "condition": "", 
      "name": null
    }
  }, 
  {
    "pk": 1, 
    "model": "workflow.userprofile", 
    "fields": {
      "notif_delay": 1, 
      "notified": true, 
      "last_notif": "2008-08-18 17:52:38", 
      "nb_wi_notif": 1, 
      "user": 2, 
      "urgent_priority": 5, 
      "web_host": "localhost:8000"
    }
  }
]
